хЕмхСКцЧецЬЯ,цЛЫчФЯщбЮхИе,ф╕╗цЧи
2015/07/31,ш╜Йхн╕шАГ,уАРцЛЫчФЯуАСш│А!!хЕмхСКуАМцЬмцаб104хн╕х╣┤х║жш╜Йхн╕цЛЫчФЯшАГшйжтАУщМДхПЦхРНхЦоуАН
2015/07/31,ш╜Йхн╕шАГ,104хн╕х╣┤х║жш╜Йхн╕цЛЫчФЯшАГшйжцнгуАБхВЩхПЦчФЯц│ицДПф║ЛщаЕ
2015/07/31,ш╜Йхн╕шАГ,ш│А!хЕмхСКуАМцЬмцаб104хн╕х╣┤х║жщЩ╕чФЯш╜Йхн╕щМДхПЦхРНхЦоуАН
2015/07/29,хн╕хглчПнщА▓ф┐охн╕хглчПн,хЕмхСКцЬмцаб104хн╕х╣┤х║жщА▓ф┐охн╕хглчПнцЛЫчФЯшАГшйжщМДхПЦхРНхЦо
2015/07/19,ш╜Йхн╕шАГ,хЕмхСКуАМцЬмцаб104хн╕х╣┤х║жш╜Йхн╕цЛЫчФЯшАГшйжтАУшйжха┤щЕНч╜оуАН
2015/07/16,ш╜Йхн╕шАГ,хЕмхСКцЬмцаб104хн╕х╣┤х║жш╜Йхн╕цЛЫчФЯшАГшйжхпжщЪЫцЛЫчФЯхРНщбН
2015/07/09,хн╕хглчПнщА▓ф┐охн╕хглчПн,хЕмхСКцЬмцаб104хн╕х╣┤х║жщА▓ф┐охн╕хглчПнцЛЫчФЯха▒хРНф║║цХ╕ф╕Ашж╜шби
2015/07/09,хн╕хглчПнхЕ╢ф╗ЦцЛЫчФЯчобщБУ,ш│А!!!хЕмхСКцЬмцаб104хн╕х╣┤х║жхЫЫцКАчФДщБ╕хЕехн╕цЛЫчФЯуАМхИЖчЩ╝хРНхЦоуАН
2015/07/09,ш╜Йхн╕шАГ,хЕмхСКцЬмцаб104хн╕х╣┤х║жш╜Йхн╕цЛЫчФЯха▒хРНф║║цХ╕ч╡▒шиИшби
2015/07/07,хдзщЩ╕хн╕чФЯ,хЕмхСК2015яжОхдзхн╕цабщЩвцЛЫцФ╢хдзязУхЬ░хНАхн╕чФЯ-хн╕хглчПнцнгх╝ПхИЖчЩ╝щМДхПЦхРНхЦо
