Utada Hikaru lyrics,Time,Stars
┬╖ 1000 Words Lyrics,,0
┬╖ 100 Reasons Why Lyrics,,0
┬╖ About Me Lyrics,,0
┬╖ Addicted To You Lyrics,,85
┬╖ Amai Wana / Paint It Black Lyrics,,85
┬╖ Animato Lyrics,,0
┬╖ Another Chance Lyrics,,0
┬╖ Apple And Cinnamon Lyrics,,0
┬╖ A.S.A.P. Lyrics,,85
┬╖ Automatic Lyrics,,0
┬╖ Automatic (Part 2) Lyrics,,0
┬╖ B And C Lyrics,,0
┬╖ B&c Lyrics,,0
┬╖ Be My Last Lyrics,,0
┬╖ Beautiful World Lyrics,,0
┬╖ Blow My Whistle Lyrics,,0
┬╖ Blue Lyrics,,0
┬╖ BLUE (English Translation) Lyrics,,0
┬╖ BLUE (Romaji) Lyrics,,0
┬╖ Boku Wa Kuma Lyrics,,0
┬╖ Can You Keep A Secret? Lyrics,,0
┬╖ Celebrate Lyrics,,0
┬╖ Close To You Lyrics,,0
┬╖ Colors Lyrics,,0
┬╖ Come Back To Me Lyrics,,0
┬╖ Dareka No Negai Ga Kanau Koro Lyrics,,0
┬╖ Deep River Lyrics,,0
┬╖ Devil Inside Lyrics,,85
┬╖ Dirty Desire Lyrics,,0
┬╖ Distance Lyrics,,0
┬╖ Drama Lyrics,,0
┬╖ Easy Breezy Lyrics,,85
┬╖ Eternally Lyrics,,85
┬╖ Eternally (romanized ) Lyrics,,0
┬╖ Exodus '04 Lyrics,,85
┬╖ Fight The Blues Lyrics,,0
┬╖ Final Distance Lyrics,,85
┬╖ Final Distance (English Version) Lyrics,,0
┬╖ First Love Lyrics,,85
┬╖ First Love (english) Lyrics,,0
┬╖ Flavor Of Life Lyrics,,0
┬╖ Flavor Of Life (English Version) Lyrics,,0
┬╖ Fly Me To The Moon (in Other Words) Lyrics,,0
┬╖ For You Lyrics,,0
┬╖ Give Me A Reason Lyrics,,85
┬╖ Give Me A Reason Romanized Lyrics,,0
┬╖ Good Bye Happiness Lyrics,,0
┬╖ Hayatochi - Remix Lyrics,,0
┬╖ Hear Me Cry Lyrics,,0
┬╖ Heart Station Lyrics,,0
┬╖ Hikari Lyrics,,85
┬╖ Hotel Lobby Lyrics,,0
┬╖ How Ya Doin' Lyrics,,0
┬╖ I Don't Love You Lyrics,,0
┬╖ I Won't Last A Day Without You Lyrics,,0
┬╖ In My Room Lyrics,,0
┬╖ Kairo Lyrics,,0
┬╖ Keep Tryin' Lyrics,,0
┬╖ Kettobase! Lyrics,,68
┬╖ Kiss And Cry Lyrics,,0
┬╖ Kremlin Dusk Lyrics,,85
┬╖ Let Me Give You My Love Lyrics,,0
┬╖ Letters Lyrics,,0
┬╖ Loving You Lyrics,,0
┬╖ Lullaby Lyrics,,0
┬╖ Me Muero Lyrics,,0
┬╖ Merry Christmas Mr. Lawance Lyrics,,0
┬╖ Movin' On Without You Lyrics,,85
┬╖ My Little Lover Boy Lyrics,,0
┬╖ Never Let Go Lyrics,,0
┬╖ Nichiyo No Asa Lyrics,,0
┬╖ Niji Iro Basu Lyrics,,0
┬╖ On And On Lyrics,,0
┬╖ Opening Lyrics,,85
┬╖ Parody Lyrics,,0
┬╖ Passion Lyrics,,0
┬╖ Play Ball Lyrics,,0
┬╖ Poppin' Lyrics,,0
┬╖ Precious Love Lyrics,,0
┬╖ Prisoner Of Love Lyrics,,0
┬╖ Promise Lyrics,,0
┬╖ Sakura Drops Lyrics,,85
┬╖ Sanctuary Lyrics,,0
┬╖ Sangurasu Lyrics,,0
┬╖ Shiawase Ni Narou Lyrics,,0
┬╖ Simple And Clean Lyrics,,85
┬╖ Stay Gold Lyrics,,0
┬╖ Sukiyaki Lyrics,,0
┬╖ Sunglass Lyrics,,0
┬╖ Taimu Rimitto (Romanji) Lyrics,,0
┬╖ Take 5 Lyrics,,0
┬╖ Take A Little While Lyrics,,0
┬╖ Taking My Money Back Lyrics,,0
┬╖ The Workout Lyrics,,0
┬╖ This Is Love Lyrics,,0
┬╖ This One (Crying Like A Child) Lyrics,,0
┬╖ Ticket 4 Two Lyrics,,0
┬╖ Time Limit Lyrics,,0
┬╖ Time Will Tell Lyrics,,85
┬╖ Tippy Toe Lyrics,,0
┬╖ Tokyo Nights Lyrics,,0
┬╖ Traveling Lyrics,,0
┬╖ Uso Mitaina I Love You Lyrics,,0
┬╖ Wait And See ~Risuku Lyrics,,0
┬╖ Wait & See Lyrics,,0
┬╖ Wait & See (risk) Lyrics,,0
┬╖ Wings Lyrics,,0
┬╖ With Or Without You Lyrics,,0
┬╖ Wonder 'bout Lyrics,,0
┬╖ Work Things Out Lyrics,,0
┬╖ You Make Me Want To Be A Man Lyrics,,0
