Domain,Daily traffic,Daily earnings,Rank,Ip Adress
alantron.com,тЙИ2315,$8.36,492622,78.111.98.103
kamotonet.com,тЙИ52,$0.74,19465580,78.111.98.114
n/a zamanbuldukca.com,тЙИ52,$0.74,28139595,78.111.98.105
n/a tekirdagda.com,тЙИ66,$0.83,16842952,78.111.98.105
n/a izmirrehberi.biz,тЙИ52,$0.74,28941450,78.111.98.105
n/a orhunemre.com,тЙИ52,$0.74,25519744,78.111.98.105
n/a dnztemizlikhizmetleri.com,тЙИ52,$0.74,27500685,78.111.98.105
n/a yesilcakraz.com,тЙИ52,$0.74,18935090,78.111.98.105
n/a guvenliks.com,тЙИ236,$1.73,4773611,78.111.98.115
n/a evimize.com,тЙИ96,$1.07,11816384,78.111.98.115
